Lo dq yo n quiero a Cataluña lo dice usted. Y su dinero por suerte no lo necesito. Por qué… https://t.co/c6GUunJFVh,neutro
@Bytemaniacos El Lunes... oiga el cajero no me permite sacar dinero. ¿como? ¿que necesito el dni para sacar mi dine… https://t.co/zRACiUJPGS,neutro
Con la plática de anoche he llegado a la conclusión de que necesito “darme” a una señora que tenga,neutro
varo para trascender en la vida.,neutro
"Les dije... A ver ahora harán ""cuentas alegres"" se quedan con el varola gente sin nada. Nomás laeconomía ",neutro
Yo también pienso igual 1 Kilo de Carne no debe costar 43 Milsi en una quincena se cobra 150,neutro
Milgastar mínimo 80,neutro
Vean la ENORME cantidad que los candidatos podrán gastar en las elecciones de 2018 y uno batallando en la quincena,neutro
Conocí a @LngSHT por alguien muy especial y ahora voy a gastar mi ultima parte de la quincena para,neutro
comprar boletos para el lunario. #asíesto,neutro
Ya está el iPhone X en Pre-Venta por si buscan en que gastar su quincena,neutro
Yo dificulto que alguien vaya a gastar su quincena en artificios pirotècnicos con este problema económico,neutro
Que viene Katy Perry a México que me voy a gastar la quincena en el boleto #YOLO,neutro
Vean la ENORME cantidad que los candidatos podrán gastar en las elecciones de 2018 y uno batallandoen la quincena…,neutro
Gracias al miercoles 2x1 de #DonPollo un adolescente celebra su 1ra quincena con la familia sin gastar casi nada,neutro
La emoción de un bebé nos lleva a gastar más de lo que tenemos ¡Tu línea de crédito no es parte de tu quincena!,neutro
Puro godinez priet@ bicolor naco se va a gastar su quincena al palenque  CON JULION Y LO PUBLICA  Tanta autoestima,neutro
Antes de gastar el dinero de tu próxima quincena trabaja en tu presupuesto,neutro
Yo le puedo donar a quien me de la gana. desde cuando ellos auditan mi bolsillo? Tocara pedir permiso a los PP para,neutro
La cosa esta mala porque para algunos es un lujo eso. Cuando cualquier ciudadano común podía hacer es,neutro
Aquí haciéndome una chaqueta mental de cuánto tengo para gastar y cuánto debo pagar en esta quincena larga,neutro
Gym casero no tengo ganas d gastar toda mi quincena en 1 gym común. Sólo hay q ponerse creativo al hacer ejercicio,neutro
