Necesito dinero urgentemente ...,prestamo
Creo que esto de ir un finde lo voy a hacer mas amenudo... Solo necesito dinero o que alguien me acoja,prestamo
Favor RT necesito reunir dinero para costear Pipetas para 28 rescatados entrego en Metro o lugar a conven…,prestamo
¿Quién me va a dar para mi calaverita?  #SeanSerios  necesito dinero....,prestamo
Necesito dinero para comprar el boleto de wish yaa!,prestamo
Necesito ir al cine y ver coco feliz día de tu muerte y geotormenta ah pero también necesito dinero,prestamo
Mi hobby es gastar mi dinero en cosas que sé que no necesito qué triste.,prestamo
Para mi próximo truco necesito dinero.,prestamo
Seré breve: necesito dinero,prestamo
NECESITO VENDER ESTOS PELUCHES,prestamo
me urge el dinero.,prestamo
¿Algún mecanismo para transformar odio en dinero?,prestamo
ODIO DINERO PERO NECESITO,prestamo
no tiene dinero para uno,prestamo
en la Urb. Los Castaños habiendo hecho el depósito luego. Soy pensionado por incapacidad y necesito el dinero,prestamo
Que necesito dinero joder no me hagáis ilusiones para nada,prestamo
Hoy voy a jotear como poque necesito dinero,prestamo
Lo necesito pero no tengo dinero,prestamo
Sábado con S de Seguro sale la fiesta aunque no haya varo @GiovanniMcfly,prestamo
Con que varo cabrón.,prestamo
#SabadoYCasaSola... no mamen estamos a mitad de la quincena varo no hay con qfestejamos agua??,prestamo
Bueno más que vacaciones necesito mucho dinero para ir de shopping en vacaciones,prestamo
Atención amigos. necesito un préstamo urgente.. pago el martes ,prestamo
 @HSBC_MX Yo necesitó un préstamo personal pero de unos 100000 que nesecito,prestamo
 @_omeruko Quien quien si necesito un préstamo jejejeje,prestamo
#HoyEsElDía que necesito un préstamo ,prestamo
 Necesito pedir un prestamo para comprarme ropa. o un psicologo para dejar de gastar.,prestamo
 Necesito un préstamo,prestamo
 @grecia69sexxx: Plis alguien que me ayude necesito un préstamo pequeño de 200 para acompletar de un medicamento porfis bebes me ayudan?…,prestamo
 necesito un laburo vieja hoy tengo que sacar el prestamo familiar pa salir de joda,prestamo
 Necesito un préstamo para tanto veterinario.,prestamo
 necesito un prestamo urgente. me invitaron a comer tacos y no traigo dineros! :´(,prestamo
 Quien me hace un préstamo de 500 pe?  Jjajaja necesito money wey,prestamo
Necesito comprar la entrada antes de que aumente. alguien que me haga un préstamo de $600,prestamo
Necesito un préstamo amigo para arrancar al gym! jaja,prestamo
me compre un pantalon que me re gusta. pero quede en cero  con la plata. y ahora necesito. alguien que me haga un prestamo  we,prestamo
 Necesito que me hagan un préstamo para las vacaciones,prestamo
 RT @DelfiBentancour: Necesito comprarme un bikini. Creo que voy a sacar un préstamo ,prestamo
Necesito un préstamo para pagar todo y no se vende un choto,prestamo
 @leonardofarkas don Leo mis respetos para usted. soy madre de familia y lo único que necesito es un préstamo para estudiar enfermería,prestamo
Necesito un préstamo para pagar todo lo que tengo que imprimir para literatura y un cerebro 0km por todo lo que tengo que estudiar,prestamo
 @aluksicc Andrónico necesito un préstamo.estoy más cagao que palo de gallinero,prestamo
 ola necesito un prestamo. pq quiero ir a ver 31 minutos en e metropolitan,prestamo
 Maldita educación. se reduce a falta de oportunidades y desigualdad. necesitó un préstamo urgente!! Don @comunidadfarkas  @aluksicc :(,prestamo
 Me tengo que ir a tatuar vieja y me gaste la plata.necesito un préstamo amigo yaa!,prestamo
 @MicaaCarnero @diegosalamano Un prestamo necesito y dejo de llorar jajajajajajaja,prestamo
 Necesitó un prestamo:(,prestamo
@FlakoLouis Necesito un préstamo. Pilas??@FlakoLouis,prestamo
 @giannibanchero8 @OtroJodido_ Jajajajja dale avísame que necesito sacar un préstamo también,prestamo
@leonardofarkas  necesito un prestamo de 1.500.000 para pagar mis estudios estoy en ultimo año te juro que se lo pago en cómodas cuotas,prestamo

